[{"alert":"android.resource://com.urbandroid.sleep/raw/sp_stream_2_r1_midpitch","captcha":3,"daysOfWeek":{"BITMASK_FRIDAY":22,"BITMASK_MONDAY":1,"BITMASK_SATURDAY":50,"BITMASK_SUNDAY":100,"BITMASK_THURSDAY":8,"BITMASK_TUESDAY":2,"BITMASK_WEDNESDAY":4,"days":31,"defaultStashDays":31,"nonWeeklyFrom":-1,"nonWeeklyRepeat":-1,"stashDays":0,"weekRepeat":0},"enabled":true,"extendedConfig":{"gradualVolumeIncrease":60000,"isSelfDisposable":false,"lastEnableTimestamp":1686292159188,"ringtoneName":"Bird song 3","selectedPlaylists":[],"snoozeAfterAlarm":-2,"snoozeDuration":5,"snoozeLimit":2,"snoozeTotalTimeLimit":10,"soundDelay":-2,"terminatesTracking":true,"timeToBed":-2,"vibrationStart":-2,"vibrationStartSmartWatch":-2,"weekRepeat":0},"hour":7,"id":13,"legacyVibrate":true,"minutes":40,"nonDeepsleepWakeupWindow":20,"silent":false,"suspendTime":1686292800000,"time":1686634800000},{"alert":"android.resource://com.urbandroid.sleep/raw/sp_stream_2_r1_midpitch","captcha":4,"daysOfWeek":{"BITMASK_FRIDAY":22,"BITMASK_MONDAY":1,"BITMASK_SATURDAY":50,"BITMASK_SUNDAY":100,"BITMASK_THURSDAY":8,"BITMASK_TUESDAY":2,"BITMASK_WEDNESDAY":4,"days":96,"defaultStashDays":31,"nonWeeklyFrom":-1,"nonWeeklyRepeat":-1,"stashDays":0,"weekRepeat":0},"enabled":true,"extendedConfig":{"gradualVolumeIncrease":60000,"isSelfDisposable":false,"lastEnableTimestamp":1686470071558,"ringtoneName":"Bird song 3","selectedPlaylists":[],"snoozeAfterAlarm":-2,"snoozeDuration":5,"snoozeLimit":-2,"snoozeTotalTimeLimit":-2,"soundDelay":-2,"terminatesTracking":true,"timeToBed":-2,"vibrationStart":-2,"vibrationStartSmartWatch":-2,"weekRepeat":0},"hour":10,"id":4,"legacyVibrate":true,"minutes":40,"nonDeepsleepWakeupWindow":20,"silent":false,"suspendTime":1686472800002,"time":1686991200000},{"alert":"android.resource://com.urbandroid.sleep/raw/default","captcha":-1,"daysOfWeek":{"BITMASK_FRIDAY":22,"BITMASK_MONDAY":1,"BITMASK_SATURDAY":50,"BITMASK_SUNDAY":100,"BITMASK_THURSDAY":8,"BITMASK_TUESDAY":2,"BITMASK_WEDNESDAY":4,"days":0,"defaultStashDays":31,"nonWeeklyFrom":-1,"nonWeeklyRepeat":-1,"stashDays":0,"weekRepeat":0},"enabled":false,"extendedConfig":{"gradualVolumeIncrease":-2,"isSelfDisposable":true,"lastEnableTimestamp":1676614121025,"selectedPlaylists":[],"snoozeAfterAlarm":-2,"snoozeDuration":-2,"snoozeLimit":-2,"snoozeTotalTimeLimit":-2,"soundDelay":-2,"terminatesTracking":true,"timeToBed":-2,"vibrationStart":-2,"vibrationStartSmartWatch":-2,"weekRepeat":0},"hour":7,"id":14,"label":"Nap length 0:15","legacyVibrate":true,"minutes":20,"nonDeepsleepWakeupWindow":5,"silent":false,"suspendTime":-1,"time":1676614800000},{"alert":"android.resource://com.urbandroid.sleep/raw/default","captcha":-1,"daysOfWeek":{"BITMASK_FRIDAY":22,"BITMASK_MONDAY":1,"BITMASK_SATURDAY":50,"BITMASK_SUNDAY":100,"BITMASK_THURSDAY":8,"BITMASK_TUESDAY":2,"BITMASK_WEDNESDAY":4,"days":0,"defaultStashDays":31,"nonWeeklyFrom":-1,"nonWeeklyRepeat":-1,"stashDays":0,"weekRepeat":0},"enabled":false,"extendedConfig":{"gradualVolumeIncrease":-2,"isSelfDisposable":false,"lastEnableTimestamp":1683264583193,"ringtoneName":"Device default","selectedPlaylists":[],"snoozeAfterAlarm":-2,"snoozeDuration":-2,"snoozeLimit":-2,"snoozeTotalTimeLimit":-2,"soundDelay":-2,"terminatesTracking":true,"timeToBed":-2,"vibrationStart":-2,"vibrationStartSmartWatch":-2,"weekRepeat":0},"hour":7,"id":10,"legacyVibrate":true,"minutes":40,"nonDeepsleepWakeupWindow":-1,"silent":false,"suspendTime":-1,"time":1683265200000},{"alert":"android.resource://com.urbandroid.sleep/raw/sp_stream_2_r1_midpitch","captcha":3,"daysOfWeek":{"BITMASK_FRIDAY":22,"BITMASK_MONDAY":1,"BITMASK_SATURDAY":50,"BITMASK_SUNDAY":100,"BITMASK_THURSDAY":8,"BITMASK_TUESDAY":2,"BITMASK_WEDNESDAY":4,"days":16,"defaultStashDays":31,"nonWeeklyFrom":-1,"nonWeeklyRepeat":-1,"stashDays":0,"weekRepeat":0},"enabled":false,"extendedConfig":{"gradualVolumeIncrease":60000,"isSelfDisposable":false,"lastEnableTimestamp":1686259670737,"ringtoneName":"Bird song 3","selectedPlaylists":[],"snoozeAfterAlarm":-2,"snoozeDuration":5,"snoozeLimit":1,"snoozeTotalTimeLimit":5,"soundDelay":-2,"terminatesTracking":true,"timeToBed":-2,"vibrationStart":-2,"vibrationStartSmartWatch":-2,"weekRepeat":0},"hour":7,"id":15,"legacyVibrate":true,"minutes":40,"nonDeepsleepWakeupWindow":20,"silent":false,"suspendTime":-1,"time":1686289200000},{"alert":"android.resource://com.urbandroid.sleep/raw/sp_stream_2_r1_midpitch","captcha":4,"daysOfWeek":{"BITMASK_FRIDAY":22,"BITMASK_MONDAY":1,"BITMASK_SATURDAY":50,"BITMASK_SUNDAY":100,"BITMASK_THURSDAY":8,"BITMASK_TUESDAY":2,"BITMASK_WEDNESDAY":4,"days":6,"defaultStashDays":31,"nonWeeklyFrom":-1,"nonWeeklyRepeat":-1,"stashDays":0,"weekRepeat":0},"enabled":false,"extendedConfig":{"gradualVolumeIncrease":60000,"isSelfDisposable":false,"lastEnableTimestamp":1680503154853,"ringtoneName":"Bird song 3","selectedPlaylists":[],"snoozeAfterAlarm":-2,"snoozeDuration":5,"snoozeLimit":-2,"snoozeTotalTimeLimit":-2,"soundDelay":-2,"terminatesTracking":true,"timeToBed":-2,"vibrationStart":-2,"vibrationStartSmartWatch":-2,"weekRepeat":0},"hour":8,"id":12,"legacyVibrate":true,"minutes":0,"nonDeepsleepWakeupWindow":20,"silent":false,"suspendTime":-1,"time":1680588000000},{"alert":"android.resource://com.urbandroid.sleep/raw/default","captcha":-1,"daysOfWeek":{"BITMASK_FRIDAY":22,"BITMASK_MONDAY":1,"BITMASK_SATURDAY":50,"BITMASK_SUNDAY":100,"BITMASK_THURSDAY":8,"BITMASK_TUESDAY":2,"BITMASK_WEDNESDAY":4,"days":0,"defaultStashDays":31,"nonWeeklyFrom":-1,"nonWeeklyRepeat":-1,"stashDays":0,"weekRepeat":0},"enabled":false,"extendedConfig":{"gradualVolumeIncrease":-2,"isSelfDisposable":true,"lastEnableTimestamp":0,"selectedPlaylists":[],"snoozeAfterAlarm":-2,"snoozeDuration":-2,"snoozeLimit":-2,"snoozeTotalTimeLimit":-2,"soundDelay":-2,"terminatesTracking":true,"timeToBed":-2,"vibrationStart":-2,"vibrationStartSmartWatch":-2,"weekRepeat":0},"hour":8,"id":11,"label":"Sleep duration goal","legacyVibrate":true,"minutes":54,"nonDeepsleepWakeupWindow":-1,"silent":false,"suspendTime":-1,"time":1655106840000},{"alert":"multiple:/multiple?s\u003dfile%3A%2F%2F%2Fsystem%2Fmedia%2Faudio%2Falarms%2FSunrise.ogg\u0026s\u003dfile%3A%2F%2F%2Fsystem%2Fmedia%2Faudio%2Falarms%2FFireflies.ogg\u0026s\u003dfile%3A%2F%2F%2Fsystem%2Fmedia%2Faudio%2Falarms%2FDewdrops.ogg\u0026s\u003dfile%3A%2F%2F%2Fsystem%2Fmedia%2Faudio%2Falarms%2FDaydream.ogg\u0026s\u003dfile%3A%2F%2F%2Fsystem%2Fmedia%2Faudio%2Falarms%2FBreeze.ogg\u0026s\u003dandroid.resource%3A%2F%2Fcom.urbandroid.sleep%2Fraw%2Fphone","captcha":0,"daysOfWeek":{"BITMASK_FRIDAY":22,"BITMASK_MONDAY":1,"BITMASK_SATURDAY":50,"BITMASK_SUNDAY":100,"BITMASK_THURSDAY":8,"BITMASK_TUESDAY":2,"BITMASK_WEDNESDAY":4,"days":96,"defaultStashDays":31,"nonWeeklyFrom":-1,"nonWeeklyRepeat":-1,"stashDays":0,"weekRepeat":0},"enabled":false,"extendedConfig":{"gradualVolumeIncrease":-2,"isSelfDisposable":false,"lastEnableTimestamp":0,"selectedPlaylists":[],"snoozeAfterAlarm":-2,"snoozeDuration":-2,"snoozeLimit":-2,"snoozeTotalTimeLimit":-2,"soundDelay":-2,"terminatesTracking":true,"timeToBed":-2,"vibrationStart":-2,"vibrationStartSmartWatch":-2,"weekRepeat":0},"hour":10,"id":9,"label":"Nap length 0:00","legacyVibrate":true,"minutes":0,"nonDeepsleepWakeupWindow":20,"silent":false,"suspendTime":-1,"time":1674291600000},{"alert":"multiple:/multiple?s\u003dfile%3A%2F%2F%2Fsystem%2Fmedia%2Faudio%2Falarms%2FSunrise.ogg\u0026s\u003dfile%3A%2F%2F%2Fsystem%2Fmedia%2Faudio%2Falarms%2FFireflies.ogg\u0026s\u003dfile%3A%2F%2F%2Fsystem%2Fmedia%2Faudio%2Falarms%2FDewdrops.ogg\u0026s\u003dfile%3A%2F%2F%2Fsystem%2Fmedia%2Faudio%2Falarms%2FDaydream.ogg\u0026s\u003dfile%3A%2F%2F%2Fsystem%2Fmedia%2Faudio%2Falarms%2FBreeze.ogg\u0026s\u003dandroid.resource%3A%2F%2Fcom.urbandroid.sleep%2Fraw%2Fphone","captcha":0,"daysOfWeek":{"BITMASK_FRIDAY":22,"BITMASK_MONDAY":1,"BITMASK_SATURDAY":50,"BITMASK_SUNDAY":100,"BITMASK_THURSDAY":8,"BITMASK_TUESDAY":2,"BITMASK_WEDNESDAY":4,"days":0,"defaultStashDays":31,"nonWeeklyFrom":-1,"nonWeeklyRepeat":-1,"stashDays":0,"weekRepeat":0},"enabled":false,"extendedConfig":{"gradualVolumeIncrease":-2,"isSelfDisposable":false,"lastEnableTimestamp":1682587022278,"ringtoneName":"Device default","selectedPlaylists":[],"snoozeAfterAlarm":-2,"snoozeDuration":-2,"snoozeLimit":-2,"snoozeTotalTimeLimit":-2,"soundDelay":-2,"terminatesTracking":true,"timeToBed":-2,"vibrationStart":-2,"vibrationStartSmartWatch":-2,"weekRepeat":0},"hour":11,"id":5,"legacyVibrate":true,"minutes":45,"nonDeepsleepWakeupWindow":30,"silent":false,"suspendTime":-1,"time":1682588700000},{"alert":"android.resource://com.urbandroid.sleep/raw/default","captcha":-1,"daysOfWeek":{"BITMASK_FRIDAY":22,"BITMASK_MONDAY":1,"BITMASK_SATURDAY":50,"BITMASK_SUNDAY":100,"BITMASK_THURSDAY":8,"BITMASK_TUESDAY":2,"BITMASK_WEDNESDAY":4,"days":0,"defaultStashDays":31,"nonWeeklyFrom":-1,"nonWeeklyRepeat":-1,"stashDays":0,"weekRepeat":0},"enabled":false,"extendedConfig":{"gradualVolumeIncrease":-2,"isSelfDisposable":false,"lastEnableTimestamp":1673665157877,"selectedPlaylists":[],"snoozeAfterAlarm":-2,"snoozeDuration":-2,"snoozeLimit":-2,"snoozeTotalTimeLimit":-2,"soundDelay":-2,"terminatesTracking":true,"timeToBed":-2,"vibrationStart":-2,"vibrationStartSmartWatch":-2,"weekRepeat":0},"hour":12,"id":8,"label":"","legacyVibrate":true,"minutes":0,"nonDeepsleepWakeupWindow":0,"silent":false,"suspendTime":-1,"time":1673694000000},{"alert":"content://settings/system/alarm_alert","captcha":0,"daysOfWeek":{"BITMASK_FRIDAY":22,"BITMASK_MONDAY":1,"BITMASK_SATURDAY":50,"BITMASK_SUNDAY":100,"BITMASK_THURSDAY":8,"BITMASK_TUESDAY":2,"BITMASK_WEDNESDAY":4,"days":0,"defaultStashDays":31,"nonWeeklyFrom":-1,"nonWeeklyRepeat":-1,"stashDays":0,"weekRepeat":0},"enabled":false,"extendedConfig":{"gradualVolumeIncrease":-2,"isSelfDisposable":false,"lastEnableTimestamp":1592993791688,"selectedPlaylists":[],"snoozeAfterAlarm":-2,"snoozeDuration":-2,"snoozeLimit":-2,"snoozeTotalTimeLimit":-2,"soundDelay":-2,"terminatesTracking":true,"timeToBed":-2,"vibrationStart":-2,"vibrationStartSmartWatch":-2,"weekRepeat":0},"hour":13,"id":2,"label":"","legacyVibrate":true,"minutes":0,"nonDeepsleepWakeupWindow":30,"silent":false,"suspendTime":-1,"time":1592996400000}]