<?xml version='1.0' encoding='utf-8' standalone='yes' ?>
<map>
	<boolean name="oximeter" value="false" />
	<long name="playlist_position" value="1" />
	<string name="key_first_use_qr_capctha"><![CDATA[no]]></string>
	<float name="chronotype" value="0.7" />
	<long name="country_update_time" value="1686578397252" />
	<boolean name="screenlight" value="true" />
	<string name="current_avg_sleep_length"><![CDATA[7.5927258]]></string>
	<long name="rate_never_ts_b" value="1592255598747" />
	<boolean name="flip_to_pause" value="false" />
	<long name="rate_never_ts_c" value="1595833494331" />
	<string name="settings_temperature"><![CDATA[0]]></string>
	<boolean name="hr_wear" value="true" />
	<boolean name="key_card_pinned_CHART" value="true" />
	<long name="key_last_action_time_radio" value="1679706282479" />
	<string name="key_geo"><![CDATA[ca8b476f;e08d6816;9fe15f31;e08d36fe;e014c8ef;9fe15e1f;e03359ec;e040d811;9fd33bd6]]></string>
	<boolean name="captcha_no_escape_uninstall" value="false" />
	<boolean name="smartlight_mask_enabled" value="false" />
	<boolean name="alarm_fullscreen" value="false" />
	<boolean name="backup_local" value="true" />
	<int name="google_fit_record_count" value="1426" />
	<boolean name="analytics_opt_out" value="false" />
	<string name="snooze_max_time_limit"><![CDATA[0]]></string>
	<boolean name="alarm_sound_delay_after_snooze" value="true" />
	<int name="awake_hr_sensitivity" value="2" />
	<boolean name="share_comments" value="true" />
	<string name="delay_tracking"><![CDATA[0]]></string>
	<boolean name="mute_alerts_priority" value="true" />
	<int name="non_deep_sleep_sensitivity_checks_new" value="1" />
	<string name="target_sleep_time_notify_before"><![CDATA[15]]></string>
	<boolean name="key_card_removed_SHOW_CASE" value="true" />
	<boolean name="smartlight_lucid_dreaming" value="false" />
	<string name="profile_birthdate"><![CDATA[-1]]></string>
	<boolean name="sensor_batching" value="false" />
	<string name="day_incidence_hour"><![CDATA[0]]></string>
	<boolean name="variations_seed_native_stored" value="true" />
	<boolean name="notification_channel_created" value="true" />
	<boolean name="settings_qr_captcha_home_only" value="false" />
	<boolean name="ifttt" value="false" />
	<boolean name="hr_bt" value="false" />
	<boolean name="captcha_avoided" value="false" />
	<boolean name="smartlight_sleep_phaser_auto_start" value="false" />
	<boolean name="status_bar_icon" value="true" />
	<boolean name="smartlight_anti_snoring" value="false" />
	<long name="chronotype_last_calculated" value="1686529458983" />
	<boolean name="snooze_halve" value="false" />
	<string name="key_auto_kill_snooze_counter"><![CDATA[0]]></string>
	<boolean name="reliable_alarm_scheduled" value="true" />
	<long name="next_sleep_tracking_restart_timestamp" value="-1" />
	<boolean name="spotify" value="false" />
	<string name="google_fit_internal"><![CDATA[enabled]]></string>
	<boolean name="geo_opt_out" value="false" />
	<string name="noise_output"><![CDATA[0]]></string>
	<string name="snooze_repeat"><![CDATA[0]]></string>
	<float name="health_user_profile_height" value="183.0" />
	<long name="key_next_media_store_job" value="1686613637458" />
	<boolean name="key_card_removed_NOISE" value="true" />
	<boolean name="transition_animations" value="true" />
	<int name="lullaby_random_volume" value="90" />
	<string name="country"><![CDATA[nl]]></string>
	<string name="siren_kill_time"><![CDATA[60]]></string>
	<int name="app_update_last_version" value="22523" />
	<string name="key_next_promo"><![CDATA[2021083000:2021090323:50:1630281589166]]></string>
	<int name="news_card_shown" value="14" />
</map>
